LocationID,trip_count,total_fare,avg_fare,avg_distance,avg_tip,Zone,Borough,latitude,longitude,intensity
236,55749,830970.38,14.90556566037059,4.411012574216578,2.514213528493785,Upper East Side North,Manhattan,40.7128,-74.006,1.0
237,52582,717601.26,13.647279677456163,1.6389437450077975,2.5263211745464225,Upper East Side South,Manhattan,40.7128,-74.006,0.9431918061310517
161,47179,778584.56,16.502777930859068,1.951048771699273,3.049658534517476,Midtown Center,Manhattan,40.7128,-74.006,0.8462752695115607
132,41689,2420692.37,58.06549377533642,15.016397610880567,9.038982225527118,JFK Airport,Queens,40.7128,-74.006,0.7477981667832607
162,39969,626234.1,15.667995196277115,1.9541594735920338,3.0657787285145988,Midtown East,Manhattan,40.7128,-74.006,0.7169455954366895
186,34853,548706.23,15.743443319083005,1.9331957076865693,2.9417806214673057,Penn Station/Madison Sq West,Manhattan,40.7128,-74.006,0.6251771332221205
142,33471,504279.68,15.066167129754115,1.9086606315915269,2.540423351558065,Lincoln Square East,Manhattan,40.7128,-74.006,0.6003874508959802
239,32289,523461.2,16.211750131623774,2.0440202545758615,2.4622338877016943,Upper West Side South,Manhattan,40.7128,-74.006,0.5791852768659528
141,30481,476184.22,15.622329319904201,1.9403425084478856,2.1603736754043505,Lenox Hill West,Manhattan,40.7128,-74.006,0.5467542018690918
170,30267,509368.23,16.82916146297948,1.9830022797105757,2.4888485809627645,Murray Hill,Manhattan,40.7128,-74.006,0.5429155679922509
230,29474,547315.54,18.569435434620345,2.460149284114813,3.198989617968379,Times Sq/Theatre District,Manhattan,40.7128,-74.006,0.5286910975981632
140,28351,491433.69,17.333910267715424,2.349581672604141,2.278670946351099,Lenox Hill East,Manhattan,40.7128,-74.006,0.5085472385154891
68,28178,514304.05,18.251971396124635,3.7803733409042515,2.7015011711264103,East Chelsea,Manhattan,40.7128,-74.006,0.5054440438393514
234,27967,456863.19,16.33579540172346,6.620901419530161,2.448382736796939,Union Sq,Manhattan,40.7128,-74.006,0.5016592225869523
163,27780,444657.62,16.00639380849532,1.9790154787616991,2.973716702663787,Midtown North,Manhattan,40.7128,-74.006,0.4983049023300866
238,25931,438032.84,16.89224634607227,7.67359453935444,2.2133342331572248,Upper West Side North,Manhattan,40.7128,-74.006,0.46513838813252256
263,24998,419655.54,16.787564605168413,2.2151640131210497,2.069666773341867,Yorkville West,Manhattan,40.7128,-74.006,0.4484026619311557
48,23523,394987.95,16.79156357607448,2.069276027717553,2.298922756451133,Clinton East,Manhattan,40.7128,-74.006,0.42194478824732284
138,22506,970986.09,43.14343241802186,9.499117124322403,9.452122545099085,LaGuardia Airport,Queens,40.7128,-74.006,0.40370230856158856
107,22268,369661.69,16.60057885755344,8.81690138315071,2.147519310220945,Gramercy,Manhattan,40.7128,-74.006,0.39943317368921416
262,21989,399344.79,18.16111646732457,2.4582868707080814,2.1027277275001137,Yorkville East,Manhattan,40.7128,-74.006,0.39442859961613663
79,21753,390825.85,17.966526456120995,4.567769043350342,1.7666905714154368,East Village,Manhattan,40.7128,-74.006,0.39019533982672333
229,21240,345494.4,16.26621468926554,1.9095649717514125,2.296479284369115,Sutton Place/Turtle Bay North,Manhattan,40.7128,-74.006,0.38099338104719366
246,21175,410686.02,19.394853364817003,2.020115702479339,2.3160476977567885,West Chelsea/Hudson Yards,Manhattan,40.7128,-74.006,0.379827440850957
164,20759,359583.82,17.32182764102317,11.209176742617661,2.540072257815887,Midtown South,Manhattan,40.7128,-74.006,0.37236542359504204
249,17247,293229.99,17.00179683423204,1.8770238302313444,2.2245074505711138,West Village,Manhattan,40.7128,-74.006,0.30936877791529893
143,17085,307641.04,18.00649926836406,2.095289435177056,1.9176950541410593,Lincoln Square West,Manhattan,40.7128,-74.006,0.3064628961954475
231,16289,355647.85,21.833620848425316,26.528841549511945,2.3487261342009944,TriBeCa/Civic Center,Manhattan,40.7128,-74.006,0.29218461317691796
90,16263,261365.95,16.07120150033819,1.7820051650986903,2.2086509254135156,Flatiron,Manhattan,40.7128,-74.006,0.2917182370984233
137,16232,291762.07,17.97449913750616,3.514359906357812,1.6989637752587483,Kips Bay,Manhattan,40.7128,-74.006,0.2911621733125258
100,14569,246016.29,16.886285263230146,2.0409108380808565,2.6759592284988676,Garment District,Manhattan,40.7128,-74.006,0.26133204183034675
113,14375,244633.95,17.01801391304348,1.8218386086956522,2.365352347826087,Greenwich Village North,Manhattan,40.7128,-74.006,0.2578521587831172
233,14282,260327.12,18.2276375857723,2.206501890491528,2.1254243103206836,UN/Turtle Bay South,Manhattan,40.7128,-74.006,0.25618396742542465
43,13582,205251.47,15.112021057281696,1.9685804741569723,2.8118752761007215,Central Park,Manhattan,40.7128,-74.006,0.2436276883890294
151,11371,203507.71,17.89708117140093,30.937525283616214,1.9845317034561605,Manhattan Valley,Manhattan,40.7128,-74.006,0.2039677841755009
75,10965,224626.21,20.48574646602827,2.9609794801641587,1.4077838577291382,East Harlem South,Manhattan,40.7128,-74.006,0.19668514233439166
114,9610,167396.77,17.41901873048907,1.9007523413111342,2.2609032258064516,Greenwich Village South,Manhattan,40.7128,-74.006,0.1723797736282265
144,9276,188701.86,20.34302069857697,2.111445666235446,2.01776412246658,Little Italy/NoLiTa,Manhattan,40.7128,-74.006,0.1663886347737179
13,8897,224499.66,25.233186467348546,3.4566112172642467,2.8156569630212434,Battery Park City,Manhattan,40.7128,-74.006,0.1595903065525839
50,8791,174897.14,19.89502218177682,2.366787623706063,1.4027073142987148,Clinton West,Manhattan,40.7128,-74.006,0.15768892715564406
158,8594,174571.3,20.313160344426343,2.1598196416104263,2.1966418431463812,Meatpacking/West Village West,Manhattan,40.7128,-74.006,0.1541552314839728
211,8106,163751.78,20.201305206020233,14.192415494695288,2.1505761164569455,SoHo,Manhattan,40.7128,-74.006,0.14540171124145723
148,8057,172144.75,21.3658619833685,2.4633722229117536,1.7484125605063918,Lower East Side,Manhattan,40.7128,-74.006,0.14452277170890956
87,7596,200021.78,26.33251448130595,3.51471037388099,1.9442351237493418,Financial District North,Manhattan,40.7128,-74.006,0.13625356508636927
166,7494,165002.62,22.01796370429677,2.795892714171337,1.6482492660795303,Morningside Heights,Manhattan,40.7128,-74.006,0.13442393585535167
41,6860,160149.12,23.345352769679298,27.256125364431487,0.8265903790087463,Central Harlem,Manhattan,40.7128,-74.006,0.12305153455667366
74,6048,144683.62,23.922556216931216,3.7241352513227515,0.7265724206349207,East Harlem North,Manhattan,40.7128,-74.006,0.10848625087445515
125,5533,113318.6,20.480498825230438,32.480755467196815,2.190780769925899,Hudson Sq,Manhattan,40.7128,-74.006,0.09924841701196434
42,5267,142316.31,27.02037402696032,26.800516423011203,0.3163888361496108,Central Harlem North,Manhattan,40.7128,-74.006,0.09447703097813413
261,5091,130045.76,25.54424670988018,38.53221174621881,2.57218424670988,World Trade Center,Manhattan,40.7128,-74.006,0.09132002367755475
4,4069,90921.73,22.344981567952814,2.6117694765298602,0.5640747112312607,Alphabet City,Manhattan,40.7128,-74.006,0.07298785628441766
24,4005,79369.54,19.817612983770285,34.43219725343321,1.8961373283395755,Bloomingdale,Manhattan,40.7128,-74.006,0.07183985362966151
232,3822,95140.61,24.89288592360021,3.2129801151229724,0.6673835688121402,Two Bridges/Seward Park,Manhattan,40.7128,-74.006,0.06855728353871818
88,3746,106161.42,28.339941270688733,3.6519594233849437,2.2733715963694605,Financial District South,Manhattan,40.7128,-74.006,0.06719403038619527
244,3634,111062.51,30.562055586130985,49.6226802421574,0.5329334067143644,Washington Heights South,Manhattan,40.7128,-74.006,0.06518502574037202
224,3456,72319.81,20.925870949074074,2.434048032407407,1.0095717592592592,Stuy Town/Peter Cooper Village,Manhattan,40.7128,-74.006,0.061992143356831515
7,3385,96953.07,28.641970457902513,4.430623338257016,0.512629246676514,Astoria,Queens,40.7128,-74.006,0.06071857791171142
116,3370,96591.79,28.662252225519286,4.715543026706231,0.567353115727003,Hamilton Heights,Manhattan,40.7128,-74.006,0.06044951478950295
226,2570,78182.45,30.421186770428015,4.0569688715953305,1.4920428015564202,Sunnyside,Queens,40.7128,-74.006,0.04609948160505121
61,2531,83072.77,32.8221137890162,102.21720268668511,0.8075503753457132,Crown Heights North,Brooklyn,40.7128,-74.006,0.04539991748730919
145,2512,71339.65,28.399542197452227,3.337368630573248,1.095529458598726,Long Island City/Hunters Point,Queens,40.7128,-74.006,0.04505910419917846
45,2218,53389.22,24.070883678990082,3.207028854824166,1.3460504959422903,Chinatown,Manhattan,40.7128,-74.006,0.03978546700389245
76,2073,62363.84,30.08385914134105,75.05758321273517,0.02866377231066088,East New York,Brooklyn,40.7128,-74.006,0.03718452348921057
70,1970,77161.63,39.168340101522844,8.76581725888325,7.448817258883249,East Elmhurst,Queens,40.7128,-74.006,0.03533695671671241
209,1959,50489.02,25.77285349668198,3.484885145482389,1.8390148034711589,Seaport,Manhattan,40.7128,-74.006,0.0351396437604262
152,1910,50326.090000000004,26.34873821989529,3.8987225130890053,0.6011884816753926,Manhattanville,Manhattan,40.7128,-74.006,0.034260704227878525
37,1872,62810.88,33.55282051282051,4.5962232905982905,0.35109508547008544,Bushwick South,Brooklyn,40.7128,-74.006,0.03357907765161707
33,1815,63911.16,35.21276033057851,109.98092561983471,1.0931019283746557,Brooklyn Heights,Brooklyn,40.7128,-74.006,0.03255663778722488
112,1814,55050.91,30.347800441014336,3.4457221609702313,0.658792723263506,Greenpoint,Brooklyn,40.7128,-74.006,0.03253870024574432
256,1766,57008.17,32.28095696489241,74.64299546998868,0.6941166477916194,Williamsburg (South Side),Brooklyn,40.7128,-74.006,0.031677698254677214
255,1722,52391.62,30.424866434378632,3.224053426248548,0.7794889663182346,Williamsburg (North Side),Brooklyn,40.7128,-74.006,0.030888446429532368
97,1627,51318.3,31.541671788567918,4.194935464044253,0.6564413030116779,Fort Greene,Brooklyn,40.7128,-74.006,0.029184379988878725
129,1623,49803.16,30.685865680837956,4.336956253850894,1.0166235366605052,Jackson Heights,Queens,40.7128,-74.006,0.029112629822956464
243,1617,54464.86,33.68265924551639,196.67149659863946,0.3982251082251082,Washington Heights North,Manhattan,40.7128,-74.006,0.029005004574073078
89,1608,53722.39,33.40944651741294,5.80238184079602,0.1921641791044776,Flatbush/Ditmas Park,Brooklyn,40.7128,-74.006,0.028843566700747995
66,1598,51308.41,32.107891113892364,3.6827346683354194,1.0364580725907384,DUMBO/Vinegar Hill,Brooklyn,40.7128,-74.006,0.028664191285942348
225,1564,54183.02,34.6438746803069,4.932352941176471,0.2674680306905371,Stuyvesant Heights,Brooklyn,40.7128,-74.006,0.02805431487560315
188,1503,46939.85,31.230771789753824,4.728389886892881,0.22708582834331337,Prospect-Lefferts Gardens,Brooklyn,40.7128,-74.006,0.026960124845288706
181,1479,50631.8,34.23380662609872,29.60829614604463,0.8682826233941853,Park Slope,Brooklyn,40.7128,-74.006,0.026529623849755154
264,1479,29080.55,19.66230561189993,3.228005409060176,3.937396889790399,NV,Unknown,40.7128,-74.006,0.026529623849755154
65,1450,46067.29,31.770544827586207,4.156303448275862,1.126344827586207,Downtown Brooklyn/MetroTech,Brooklyn,40.7128,-74.006,0.026009435146818777
179,1450,44354.18,30.589089655172415,72.59812413793104,0.4209931034482759,Old Astoria,Queens,40.7128,-74.006,0.026009435146818777
146,1391,35377.7,25.433285406182602,3.23980589503954,0.9748166786484543,Long Island City/Queens Plaza,Queens,40.7128,-74.006,0.024951120199465462
80,1368,43423.27,31.742156432748537,78.79421783625732,0.7664400584795321,East Williamsburg,Brooklyn,40.7128,-74.006,0.024538556745412474
49,1367,45759.54,33.474425749817115,4.416737381126555,0.5083321141185076,Clinton Hill,Brooklyn,40.7128,-74.006,0.02452061920393191
17,1350,42706.58,31.634503703703704,4.374044444444444,0.403037037037037,Bedford,Brooklyn,40.7128,-74.006,0.02421568099876231
25,1266,41061.39,32.433957345971564,4.114936808846761,0.7968641390205372,Boerum Hill,Brooklyn,40.7128,-74.006,0.022708927514394878
39,1242,40284.91,32.435515297906605,6.386103059581321,0.03616747181964573,Canarsie,Brooklyn,40.7128,-74.006,0.022278426518861326
223,1222,38797.1,31.74885433715221,4.835826513911621,1.5748608837970541,Steinway,Queens,40.7128,-74.006,0.02191967568925003
130,1140,35680.66,31.29882456140351,6.103061403508772,0.5999649122807018,Jamaica,Queens,40.7128,-74.006,0.02044879728784373
216,1109,51301.16,46.258935978358885,4.632155094679892,4.6137691614066725,South Ozone Park,Queens,40.7128,-74.006,0.019892733501946223
260,1102,30612.43,27.778974591651544,29.62597096188748,1.0189745916515427,Woodside,Queens,40.7128,-74.006,0.01976717071158227
35,1081,32440.82,30.010009250693802,5.817798334875116,0.00883441258094357,Brownsville,Brooklyn,40.7128,-74.006,0.01939048234049041
193,1038,19927.8,19.198265895953757,2.879797687861272,0.516290944123314,Queensbridge/Ravenswood,Queens,40.7128,-74.006,0.018619168056826133
177,1021,33328.2,32.64270323212536,5.63947110675808,0.5202644466209599,Ocean Hill,Brooklyn,40.7128,-74.006,0.01831422985165653
72,1004,30892.41,30.769332669322708,109.90950199203188,0.07600597609561753,East Flatbush/Remsen Village,Brooklyn,40.7128,-74.006,0.018009291646486934
91,998,31481.59,31.544679358717435,5.821312625250501,0.0743186372745491,Flatlands,Brooklyn,40.7128,-74.006,0.017901666397603544
168,991,29544.26,29.81257315842583,5.153521695257316,0.2115640766902119,Mott Haven/Port Morris,Bronx,40.7128,-74.006,0.017776103607239593
95,910,28777.41,31.62352747252747,102.46597802197802,0.3963626373626374,Forest Hills,Queens,40.7128,-74.006,0.016323162747313852
36,900,28460.38,31.622644444444447,4.294933333333334,0.35209999999999997,Bushwick North,Brooklyn,40.7128,-74.006,0.016143787332508205
197,840,30373.56,36.159,4.332095238095238,0.8969285714285714,Richmond Hill,Queens,40.7128,-74.006,0.015067534843674325
82,837,23260.98,27.79089605734767,4.217383512544803,0.5108482676224612,Elmhurst,Queens,40.7128,-74.006,0.015013722219232632
71,824,25987.58,31.53832524271845,5.305509708737864,0.14816747572815533,East Flatbush/Farragut,Brooklyn,40.7128,-74.006,0.014780534179985292
62,794,24804.88,31.240403022670026,4.742808564231738,0.3165113350125945,Crown Heights South,Brooklyn,40.7128,-74.006,0.01424240793556835
69,766,23999.85,31.33139686684073,6.198028720626631,0.08746736292428199,East Concourse/Concourse Village,Bronx,40.7128,-74.006,0.01374015677411254
127,732,24039.61,32.84099726775956,6.6607377049180325,0.2477185792349727,Inwood,Manhattan,40.7128,-74.006,0.01313028036377334
228,720,24473.43,33.990875,5.13475,0.33470833333333333,Sunset Park West,Brooklyn,40.7128,-74.006,0.012915029866006565
14,695,24604.19,35.40171223021583,6.865136690647483,0.4402014388489209,Bay Ridge,Brooklyn,40.7128,-74.006,0.012466591328992449
10,660,31680.57,48.00086363636363,8.44409090909091,4.081348484848485,Baisley Park,Queens,40.7128,-74.006,0.011838777377172685
247,659,19000.99,28.833065250379367,5.318831562974204,0.09261001517450683,West Concourse,Bronx,40.7128,-74.006,0.01182083983569212
198,658,19552.75,29.715425531914892,4.013465045592706,0.3130699088145897,Ridgewood,Queens,40.7128,-74.006,0.011802902294211555
213,654,21972.45,33.597018348623855,7.09908256880734,0.11206422018348625,Soundview/Castle Hill,Bronx,40.7128,-74.006,0.011731152128289297
189,651,21426.21,32.91276497695853,4.109247311827957,0.7047311827956989,Prospect Heights,Brooklyn,40.7128,-74.006,0.011677339503847603
195,650,25785.63,39.6702,6.695676923076922,2.647292307692308,Red Hook,Brooklyn,40.7128,-74.006,0.011659401962367038
40,638,20812.54,32.62153605015674,4.203432601880878,0.836755485893417,Carroll Gardens,Brooklyn,40.7128,-74.006,0.011444151464600262
182,620,22408.86,36.14332258064516,8.053774193548387,0.019338709677419356,Parkchester,Bronx,40.7128,-74.006,0.011121275717950099
159,617,18216.33,29.52403565640195,5.610777957860615,0.1459967585089141,Melrose South,Bronx,40.7128,-74.006,0.011067463093508404
55,612,23441.95,38.30383986928105,9.707777777777778,0.0677124183006536,Coney Island,Brooklyn,40.7128,-74.006,0.01097777538610558
52,610,20205.83,33.12431147540984,4.249442622950819,1.756049180327869,Cobble Hill,Brooklyn,40.7128,-74.006,0.010941900303144451
51,600,23804.1,39.6735,71.11196666666666,0.09228333333333334,Co-Op City,Bronx,40.7128,-74.006,0.010762524888338804
63,600,19188.66,31.9811,5.4947,0.0826,Cypress Hills,Brooklyn,40.7128,-74.006,0.010762524888338804
85,590,19132.58,32.428101694915256,5.32635593220339,0.15161016949152542,Erasmus,Brooklyn,40.7128,-74.006,0.010583149473533157
215,566,21250.07,37.54429328621908,8.228498233215548,1.3944522968197879,South Jamaica,Queens,40.7128,-74.006,0.010152648477999605
77,535,16509.64,30.859140186915887,6.099364485981308,0.1949532710280374,East New York/Pennsylvania Avenue,Brooklyn,40.7128,-74.006,0.009596584692102101
235,532,17406.73,32.71941729323308,7.329454887218045,0.043778195488721805,University Heights/Morris Heights,Bronx,40.7128,-74.006,0.009542772067660407
254,528,19741.0,37.38825757575758,9.120473484848484,0.1168939393939394,Williamsbridge/Olinville,Bronx,40.7128,-74.006,0.009471021901738147
205,517,19320.5,37.370406189555126,8.605628626692456,0.07936170212765958,Saint Albans,Queens,40.7128,-74.006,0.009273708945451936
167,515,15717.0,30.518446601941747,5.892737864077669,0.07819417475728155,Morrisania/Melrose,Bronx,40.7128,-74.006,0.009237833862490807
117,503,22355.51,44.44435387673956,12.088449304174949,0.006878727634194831,Hammels/Arverne,Queens,40.7128,-74.006,0.009022583364724031
133,463,15836.26,34.20358531317495,5.579460043196544,0.14382289416846653,Kensington,Brooklyn,40.7128,-74.006,0.008305081705501444
241,452,15252.07,33.743517699115046,7.223318584070797,0.08506637168141594,Van Cortlandt Village,Bronx,40.7128,-74.006,0.008107768749215233
258,451,14277.93,31.65838137472284,5.509534368070954,0.12937915742793793,Woodhaven,Queens,40.7128,-74.006,0.008089831207734668
26,447,13815.68,30.9075615212528,4.925950782997763,0.03178970917225951,Borough Park,Brooklyn,40.7128,-74.006,0.00801808104181241
56,446,14781.42,33.14219730941704,6.126412556053812,0.45228699551569507,Corona,Queens,40.7128,-74.006,0.008000143500331845
78,442,14824.78,33.54022624434389,7.325113122171945,0.02574660633484163,East Tremont,Bronx,40.7128,-74.006,0.007928393334409586
119,426,13846.77,32.50415492957747,6.453215962441315,0.06523474178403756,Highbridge,Bronx,40.7128,-74.006,0.0076413926707205515
196,423,13445.74,31.78661938534279,5.467068557919622,0.5100945626477542,Rego Park,Queens,40.7128,-74.006,0.007587580046278857
155,421,13384.95,31.793230403800475,5.618788598574821,0.23304038004750594,Marine Park/Mill Basin,Brooklyn,40.7128,-74.006,0.007551704963317728
169,412,12796.19,31.058713592233012,6.0056067961165045,0.014563106796116505,Mount Hope,Bronx,40.7128,-74.006,0.007390267089992646
28,407,14958.29,36.752555282555285,6.512211302211302,1.2314004914004915,Briarwood/Jamaica Hills,Queens,40.7128,-74.006,0.007300579382589822
86,404,18181.34,45.00331683168317,12.369084158415841,0.09371287128712871,Far Rockaway,Queens,40.7128,-74.006,0.0072467667581481284
191,400,14464.6,36.161500000000004,8.811725000000001,0.047275,Queens Village,Queens,40.7128,-74.006,0.007175016592225869
222,399,13881.03,34.789548872180454,7.827243107769424,0.05974937343358396,Starrett City,Brooklyn,40.7128,-74.006,0.007157079050745305
265,395,36052.46,91.27205063291139,4.381417721518988,7.119392405063291,,Unknown,40.7128,-74.006,0.0070853288848230465
218,395,14622.61,37.01926582278481,9.366430379746834,0.10341772151898734,Springfield Gardens North,Queens,40.7128,-74.006,0.0070853288848230465
83,393,11762.63,29.93035623409669,3.9391094147582697,1.0868702290076335,Elmhurst/Maspeth,Queens,40.7128,-74.006,0.007049453801861917
165,392,12283.03,31.334260204081634,5.508954081632654,0.19079081632653064,Midwood,Brooklyn,40.7128,-74.006,0.007031516260381352
92,381,12663.04,33.23632545931759,6.635643044619422,0.17409448818897638,Flushing,Queens,40.7128,-74.006,0.006834203304095141
18,373,12118.07,32.48812332439678,6.80970509383378,0.11225201072386058,Bedford Park,Bronx,40.7128,-74.006,0.0066907029722506235
134,369,14093.92,38.19490514905149,5.032086720867208,1.6905962059620598,Kew Gardens,Queens,40.7128,-74.006,0.006618952806328364
220,369,12135.3,32.886991869918695,6.612710027100271,0.4105691056910569,Spuyten Duyvil/Kingsbridge,Bronx,40.7128,-74.006,0.006618952806328364
157,368,10968.47,29.805625,4.134891304347827,1.2588858695652174,Maspeth,Queens,40.7128,-74.006,0.0066010152648478
210,364,11540.84,31.705604395604396,7.072774725274725,0.01098901098901099,Sheepshead Bay,Brooklyn,40.7128,-74.006,0.006529265098925542
106,360,11776.8,32.71333333333333,4.19975,0.6071944444444445,Gowanus,Brooklyn,40.7128,-74.006,0.006457514933003282
47,356,11080.65,31.125421348314607,6.421938202247191,0.06730337078651685,Claremont/Bathgate,Bronx,40.7128,-74.006,0.006385764767081024
212,353,11893.94,33.69388101983003,7.011416430594902,0.07736543909348442,Soundview/Bruckner,Bronx,40.7128,-74.006,0.00633195214263933
219,352,16860.34,47.89869318181818,9.663664772727273,3.153522727272727,Springfield Gardens South,Queens,40.7128,-74.006,0.006314014601158765
248,342,12065.13,35.27815789473684,6.872105263157894,0.06295321637426901,West Farms/Bronx River,Bronx,40.7128,-74.006,0.006134639186353119
22,338,10336.77,30.582159763313612,5.827988165680473,0.05766272189349113,Bensonhurst West,Brooklyn,40.7128,-74.006,0.006062889020430859
250,331,10941.35,33.05543806646526,6.87416918429003,0.07622356495468278,Westchester Village/Unionport,Bronx,40.7128,-74.006,0.005937326230066907
126,325,10088.37,31.041138461538463,334.4764,0.12313846153846153,Hunts Point,Bronx,40.7128,-74.006,0.005829700981183519
174,323,10798.69,33.43247678018576,7.438978328173374,0.052662538699690405,Norwood,Bronx,40.7128,-74.006,0.0057938258982223895
81,313,11526.76,36.82670926517572,8.821629392971246,0.0,Eastchester,Bronx,40.7128,-74.006,0.005614450483416743
257,313,11033.27,35.25006389776358,5.810351437699681,0.3024600638977636,Windsor Terrace,Brooklyn,40.7128,-74.006,0.005614450483416743
227,302,9167.96,30.357483443708606,4.75794701986755,0.1329139072847682,Sunset Park East,Brooklyn,40.7128,-74.006,0.005417137527130532
242,296,10591.68,35.78270270270271,7.311891891891892,0.07831081081081082,Van Nest/Morris Park,Bronx,40.7128,-74.006,0.005309512278247144
121,291,9559.04,32.84893470790378,6.944364261168385,0.42817869415807563,Hillcrest/Pomonok,Queens,40.7128,-74.006,0.00521982457084432
259,288,11451.26,39.761319444444446,10.0975,0.14875000000000002,Woodlawn/Wakefield,Bronx,40.7128,-74.006,0.005166011946402626
60,280,9298.99,33.21067857142857,6.621714285714286,0.046857142857142854,Crotona Park East,Bronx,40.7128,-74.006,0.005022511614558109
217,268,7950.11,29.664589552238805,4.058283582089552,0.20242537313432835,South Williamsburg,Brooklyn,40.7128,-74.006,0.004807261116791333
136,268,9393.31,35.049664179104475,7.854365671641791,0.0,Kingsbridge Heights,Bronx,40.7128,-74.006,0.004807261116791333
160,267,8594.38,32.18868913857678,5.029101123595505,0.7459925093632959,Middle Village,Queens,40.7128,-74.006,0.004789323575310768
102,262,7905.21,30.172557251908398,4.351984732824428,0.18312977099236644,Glendale,Queens,40.7128,-74.006,0.004699635867907945
208,262,9917.65,37.85362595419847,7.576145038167939,0.30255725190839694,Schuylerville/Edgewater Park,Bronx,40.7128,-74.006,0.004699635867907945
32,257,9540.5,37.12256809338521,8.3684046692607,0.08583657587548639,Bronxdale,Bronx,40.7128,-74.006,0.004609948160505121
131,253,9221.77,36.4496837944664,7.5755335968379445,0.12806324110671935,Jamaica Estates,Queens,40.7128,-74.006,0.004538197994582862
123,248,7483.61,30.17584677419355,5.454314516129033,0.19241935483870967,Homecrest,Brooklyn,40.7128,-74.006,0.0044485102871800394
185,246,9012.46,36.6360162601626,8.411544715447153,0.07638211382113821,Pelham Parkway,Bronx,40.7128,-74.006,0.00441263520421891
202,243,8542.42,35.153991769547325,5.489547325102881,0.9678600823045267,Roosevelt Island,Manhattan,40.7128,-74.006,0.004358822579777216
135,236,7152.57,30.307499999999997,5.422542372881356,0.15974576271186441,Kew Gardens Hills,Queens,40.7128,-74.006,0.004233259789413263
21,229,6796.75,29.680131004366814,6.025807860262009,0.09445414847161572,Bensonhurst East,Brooklyn,40.7128,-74.006,0.00410769699904931
29,229,8477.81,37.02100436681223,8.701572052401747,0.004366812227074236,Brighton Beach,Brooklyn,40.7128,-74.006,0.00410769699904931
200,218,8606.57,39.479678899082565,7.7509174311926605,0.6269724770642202,Riverdale/North Riverdale/Fieldston,Bronx,40.7128,-74.006,0.003910384042763099
124,218,6859.67,31.466376146788992,5.859816513761468,0.32788990825688075,Howard Beach,Queens,40.7128,-74.006,0.003910384042763099
139,217,8511.32,39.22267281105991,10.56778801843318,0.11552995391705069,Laurelton,Queens,40.7128,-74.006,0.003892446501282534
149,214,6276.02,29.327196261682246,4.924065420560748,0.056074766355140186,Madison,Brooklyn,40.7128,-74.006,0.00383863387684084
173,212,5722.52,26.99301886792453,4.201084905660378,0.35665094339622644,North Corona,Queens,40.7128,-74.006,0.003802758793879711
108,210,7414.73,35.308238095238096,8.955571428571428,0.023428571428571427,Gravesend,Brooklyn,40.7128,-74.006,0.0037668837109185813
147,208,6491.32,31.20826923076923,6.045721153846154,0.07581730769230768,Longwood,Bronx,40.7128,-74.006,0.003731008627957452
94,195,7077.21,36.29338461538462,8.592564102564102,0.005128205128205128,Fordham South,Bronx,40.7128,-74.006,0.0034978205887101115
67,192,7080.44,36.877291666666665,5.579843749999999,0.6926562500000001,Dyker Heights,Brooklyn,40.7128,-74.006,0.0034440079642684175
3,190,6884.8,36.235789473684214,8.135052631578947,0.17894736842105263,Allerton/Pelham Gardens,Bronx,40.7128,-74.006,0.003408132881307288
54,187,6704.85,35.8548128342246,4.994385026737969,0.3744919786096257,Columbia Street,Brooklyn,40.7128,-74.006,0.003354320256865594
180,181,4922.83,27.19795580110497,4.974088397790055,0.41464088397790055,Ozone Park,Queens,40.7128,-74.006,0.003246695007982206
203,175,7456.45,42.608285714285714,11.82782857142857,0.1798857142857143,Rosedale,Queens,40.7128,-74.006,0.003139069759098818
20,174,5407.67,31.078563218390805,6.489080459770115,0.07477011494252873,Belmont,Bronx,40.7128,-74.006,0.0031211322176182533
38,167,7157.55,42.85958083832335,12.66556886227545,0.10131736526946108,Cambria Heights,Queens,40.7128,-74.006,0.0029955694272543005
122,166,6930.17,41.74801204819277,8.711084337349398,0.04566265060240964,Hollis,Queens,40.7128,-74.006,0.0029776318857737357
34,161,5177.23,32.15670807453416,2.508944099378882,0.5952173913043478,Brooklyn Navy Yard,Brooklyn,40.7128,-74.006,0.0028879441783709126
19,154,7511.46,48.77571428571429,8.234350649350649,1.5672727272727274,Bellerose,Queens,40.7128,-74.006,0.00276238138800696
11,147,4777.99,32.50333333333333,8.219727891156463,0.08163265306122448,Bath Beach,Brooklyn,40.7128,-74.006,0.002636818597643007
171,139,4303.84,30.962877697841726,6.677482014388489,0.1685611510791367,Murray Hill-Queens,Queens,40.7128,-74.006,0.0024933182657984896
12,129,4055.69,31.439457364341084,3.4615503875968994,2.646279069767442,Battery Park,Manhattan,40.7128,-74.006,0.002313942850992843
178,126,3775.1,29.961111111111112,5.086666666666666,0.11158730158730158,Ocean Parkway South,Brooklyn,40.7128,-74.006,0.002260130226551149
1,126,11298.47,89.67039682539682,0.23658730158730157,12.193253968253968,Newark Airport,EWR,40.7128,-74.006,0.002260130226551149
252,123,4420.43,35.938455284552845,7.250243902439024,1.0922764227642277,Whitestone,Queens,40.7128,-74.006,0.002206317602109455
93,120,6452.01,53.76675,7.025833333333334,6.2385,Flushing Meadows-Corona Park,Queens,40.7128,-74.006,0.002152504977667761
192,117,3673.52,31.397606837606837,5.658034188034188,0.3386324786324786,Queensboro Hill,Queens,40.7128,-74.006,0.002098692353226067
183,114,3837.88,33.66561403508772,7.990964912280702,0.24596491228070175,Pelham Bay,Bronx,40.7128,-74.006,0.002044879728784373
16,109,3560.86,32.668440366972476,7.229266055045872,0.16779816513761467,Bayside,Queens,40.7128,-74.006,0.0019551920213815494
53,106,3429.82,32.35679245283019,6.024622641509434,1.249622641509434,College Point,Queens,40.7128,-74.006,0.0019013793969398555
201,104,4712.69,45.31432692307692,11.800384615384615,0.23,Rockaway Park,Queens,40.7128,-74.006,0.001865504313978726
190,100,3146.07,31.460700000000003,4.3099,0.2838,Prospect Park,Brooklyn,40.7128,-74.006,0.0017937541480564673
175,93,3520.78,37.85784946236559,7.669354838709677,0.17311827956989248,Oakland Gardens,Queens,40.7128,-74.006,0.0016681913576925146
153,91,2921.66,32.106153846153845,7.48021978021978,0.07560439560439561,Marble Hill,Manhattan,40.7128,-74.006,0.0016323162747313854
150,89,3048.15,34.24887640449438,7.442921348314607,0.0,Manhattan Beach,Brooklyn,40.7128,-74.006,0.001596441191770256
101,80,2862.1,35.77625,9.144875,0.05775,Glen Oaks,Queens,40.7128,-74.006,0.001435003318445174
98,79,2909.96,36.83493670886076,7.824683544303797,0.4011392405063291,Fresh Meadows,Queens,40.7128,-74.006,0.0014170657769646093
9,75,2554.28,34.05706666666667,440.64599999999996,0.7722666666666667,Auburndale,Queens,40.7128,-74.006,0.0013453156110423505
73,69,2024.08,29.334492753623188,5.485652173913043,0.14782608695652172,East Flushing,Queens,40.7128,-74.006,0.0012376903621589626
128,69,2337.9,33.88260869565217,6.14768115942029,1.0656521739130436,Inwood Hill Park,Manhattan,40.7128,-74.006,0.0012376903621589626
207,67,2841.86,42.41582089552239,3.0229850746268654,5.76731343283582,Saint Michaels Cemetery/Woodside,Queens,40.7128,-74.006,0.0012018152791978332
15,56,2524.64,45.082857142857144,9.072142857142858,0.0005357142857142857,Bay Terrace/Fort Totten,Queens,40.7128,-74.006,0.0010045023229116217
240,55,2166.15,39.38454545454545,7.846363636363637,0.09090909090909091,Van Cortlandt Park,Bronx,40.7128,-74.006,0.0009865647814310571
194,53,2426.61,45.785094339622646,4.292641509433962,4.36566037735849,Randalls Island,Manhattan,40.7128,-74.006,0.0009506896984699277
221,45,1977.59,43.946444444444445,7.500888888888889,1.0986666666666667,Stapleton,Staten Island,40.7128,-74.006,0.0008071893666254103
64,42,1612.6,38.39523809523809,6.666428571428572,2.2614285714285716,Douglaston,Queens,40.7128,-74.006,0.0007533767421837163
6,38,1099.1,28.923684210526314,5.056315789473683,0.05263157894736842,Arrochar/Fort Wadsworth,Staten Island,40.7128,-74.006,0.0006816265762614576
96,34,1108.95,32.616176470588236,6.655294117647059,0.0,Forest Park/Highland Park,Queens,40.7128,-74.006,0.0006098764103391989
120,33,924.5,28.015151515151516,4.583030303030303,0.09090909090909091,Highbridge Park,Manhattan,40.7128,-74.006,0.0005919388688586342
115,25,1088.47,43.5388,6.759600000000001,0.0,Grymes Hill/Clifton,Staten Island,40.7128,-74.006,0.00044843853701411683
214,23,1200.5,52.19565217391305,8.794347826086957,0.0,South Beach/Dongan Hills,Staten Island,40.7128,-74.006,0.0004125634540529875
154,23,573.2,24.921739130434784,6.425217391304348,0.8478260869565217,Marine Park/Floyd Bennett Field,Brooklyn,40.7128,-74.006,0.0004125634540529875
31,23,735.51,31.97869565217391,7.253478260869565,0.08695652173913043,Bronx Park,Bronx,40.7128,-74.006,0.0004125634540529875
57,22,878.89,39.94954545454545,6.534090909090909,0.9136363636363637,Corona,Queens,40.7128,-74.006,0.0003946259125724228
58,20,916.97,45.8485,6.9045000000000005,0.667,Country Club,Bronx,40.7128,-74.006,0.0003587508296112935
23,16,597.49,37.343125,5.474375,0.0,Bloomfield/Emerson Hill,Staten Island,40.7128,-74.006,0.00028700066368903476
46,16,709.71,44.356875,12.63625,0.70625,City Island,Bronx,40.7128,-74.006,0.00028700066368903476
172,15,659.61,43.974000000000004,6.469333333333333,0.0,New Dorp/Midland Beach,Staten Island,40.7128,-74.006,0.0002690631222084701
8,15,466.67,31.111333333333334,4.5633333333333335,3.131333333333333,Astoria Park,Queens,40.7128,-74.006,0.0002690631222084701
184,15,534.22,35.61466666666667,7.623333333333333,0.5333333333333333,Pelham Bay Park,Bronx,40.7128,-74.006,0.0002690631222084701
59,12,430.83000000000004,35.9025,5.069166666666667,0.0,Crotona Park,Bronx,40.7128,-74.006,0.0002152504977667761
251,9,589.91,65.54555555555555,9.165555555555555,0.0,Westerleigh,Staten Island,40.7128,-74.006,0.00016143787332508207
30,9,359.56,39.95111111111111,7.363333333333333,0.0,Broad Channel,Queens,40.7128,-74.006,0.00016143787332508207
176,8,253.87,31.73375,5.20375,0.0,Oakwood,Staten Island,40.7128,-74.006,0.00014350033184451738
118,8,386.68,48.335,9.004999999999999,0.825,Heartland Village/Todt Hill,Staten Island,40.7128,-74.006,0.00014350033184451738
156,6,425.0,70.83333333333333,13.368333333333334,0.0,Mariners Harbor,Staten Island,40.7128,-74.006,0.00010762524888338805
206,6,244.35,40.725,5.721666666666667,0.0,Saint George/New Brighton,Staten Island,40.7128,-74.006,0.00010762524888338805
109,6,576.49,96.08166666666666,13.311666666666667,0.8333333333333334,Great Kills,Staten Island,40.7128,-74.006,0.00010762524888338805
27,5,268.3,53.660000000000004,10.712,1.496,Breezy Point/Fort Tilden/Riis Beach,Queens,40.7128,-74.006,8.968770740282337e-05
245,4,301.49,75.3725,8.192499999999999,12.5,West Brighton,Staten Island,40.7128,-74.006,7.175016592225869e-05
253,4,202.54999999999998,50.637499999999996,2.2725,0.0,Willets Point,Queens,40.7128,-74.006,7.175016592225869e-05
187,2,80.41,40.205,5.385,6.37,Port Richmond,Staten Island,40.7128,-74.006,3.5875082961129345e-05
5,1,13.5,13.5,2.31,0.0,Arden Heights,Staten Island,40.7128,-74.006,1.7937541480564672e-05
2,1,65.0,65.0,7.56,15.34,Jamaica Bay,Queens,40.7128,-74.006,1.7937541480564672e-05
204,1,86.5,86.5,25.78,0.0,Rossville/Woodrow,Staten Island,40.7128,-74.006,1.7937541480564672e-05
199,1,70.0,70.0,10.67,13.0,Rikers Island,Bronx,40.7128,-74.006,1.7937541480564672e-05
